"water.level1","water.level2","water.level3","water.level4","precip1","precip2","temperature1","temperature2","temperature3","temperature4","year","month"
2.58079151189412,0.956642168851166,10.6517386020073,1.67830135977529,15.9068079320857,35.6393047651916,NA,0.953985783134029,0.220871375881361,7.29030300294021,1970,1
3.19882463513725,1.11335850065822,12.4359770304544,2.20975150469379,19.9289093944634,45.7405296197502,1.27841780143258,1.27453035162148,NA,7.65933386693872,1970,2
NA,0.556076065023138,NA,0.890799898682566,13.7103094389067,NA,0.887229842603214,1.03164090303382,0.311119175336426,4.14443768036088,1970,3
2.52819977200226,0.767170219719739,9.43572369594368,NA,17.2760085520774,25.2621416172775,1.02615894205016,1.36689016803929,0.637968122390146,6.64987108224713,1970,4
NA,0.940759780656616,10.5663195432943,1.55605112260374,17.4361641564215,NA,0.971635664331115,1.24647996515017,0.474061955804364,9.66186583627682,1970,5
4.12515612056104,1.07898163965417,9.87853455495542,1.90686643768662,18.7868238013844,63.2942278090511,1.31673995992707,1.59135720393908,0.686261947727043,NA,1970,6
NA,0.668782874811818,10.9496157260919,1.73594887721538,NA,NA,0.902488947940395,1.08678740488276,0.253256003334198,4.19603340884743,1970,7
2.49850544684394,0.628161881880623,7.70773091663476,NA,11.4185179945433,10.292597342671,0.795959218122439,NA,0.251597072908609,6.41812780506326,1970,8
3.69579236503406,1.40259538756751,11.7579495007788,2.1407526586715,20.1278740956573,45.9111714636258,1.73533767318732,NA,1.67652705516328,NA,1970,9
1.92628980507039,0.31078001303099,NA,0.396276516397387,7.99585875746466,3.20478746611845,0.534468472117785,NA,0.159085172444691,3.54844363900623,1970,10
4.99895860302737,1.76463209619747,NA,2.57678528187731,23.1827998041188,37.5756480532164,1.20604846146665,1.69975963682142,0.63685474136348,7.97184051057096,1970,11
2.28649023303258,0.638428410283702,7.91312633748659,1.22981471553167,13.4630942989986,16.7205993421944,1.07281021251345,1.0893994015405,0.42581252878312,6.44997305142502,1970,12
2.73914904748566,0.697385902299782,NA,0.843069607068004,11.3183793425294,NA,0.685366195153457,0.869768412394387,0.17610514067441,5.27845521838908,1971,1
1.21412277755038,0.270448608919576,NA,NA,7.42541886968365,NA,0.494393473945683,0.359267198402154,0.0573168619715964,NA,1971,2
2.21994848900095,0.841015839783672,NA,0.558513530293326,8.11253827475364,NA,0.578919429772735,0.57370735617836,0.0804753879955779,2.38821702495711,1971,3
NA,0.85036101463853,NA,1.11533936737883,18.4046620104109,NA,1.12810215804988,1.58452273464048,0.831268573278563,7.5804056482491,1971,4
4.13277916400222,1.03483601360136,NA,1.58536077204398,NA,59.2800509370974,1.29969894144863,NA,NA,7.70510229886973,1971,5
3.81758225199715,1.60546345942432,16.1618460389913,2.77761197354079,21.9333850593272,31.2145861424643,NA,1.37990443347955,NA,8.21817725423948,1971,6
2.5306566576345,0.853634249492744,7.20261375366893,0.834577757182102,10.4449001044199,NA,0.771524577597787,0.793544155035591,NA,4.1866992438997,1971,7
2.40054431076253,0.94799691180161,8.33623367086407,1.40674198526009,15.0056287194977,30.9375822147013,1.3480463391554,1.5393043167317,NA,3.91534731136458,1971,8
5.17303124620511,1.62865835715902,13.1073306011931,1.98042429985289,18.486515157903,30.0202625275335,1.11538933989508,1.14734793134348,0.396276480070545,8.48279135240721,1971,9
NA,NA,NA,0.882038093613084,10.1345878110469,3.00766750408887,0.552759212796925,0.565776428062411,NA,2.92579726613638,1971,10
2.87380812266068,NA,5.52495245827399,NA,9.5115940860241,NA,0.31130395375794,0.500487089678719,0.192361990078132,4.29780310609443,1971,11
2.899201068699,0.972443139639888,NA,NA,17.5139913352993,40.9374282255658,1.36267951812062,1.49678758515131,0.644535575536844,10.4049206440225,1971,12
1.48312282081463,0.436403889876032,6.90127020986105,NA,NA,NA,0.988387935972465,1.12628605395913,0.487319655291673,8.0370938820368,1972,1
2.89975688022531,NA,9.16824716288635,1.44668119110019,15.1371894140531,32.6561762752789,1.08199415971614,1.40651159613422,NA,NA,1972,2
2.28154767849199,0.519163929179576,6.03561877195291,0.776334532318284,NA,12.5715467437238,0.928322597887987,1.12480229359958,1.07457388005539,9.05445494459017,1972,3
2.6291806172052,NA,7.93744767468704,NA,NA,19.7698154626008,0.880508313152838,NA,0.334023956780167,NA,1972,4
2.24435407947362,0.705304161012699,10.1240517192098,1.62839686378541,17.4599400257966,24.6680511355595,1.09226137326239,1.27931307980962,0.471000422956736,10.4092971363868,1972,5
3.50631046157646,1.32687110580219,12.6715403118593,1.91605237682494,18.0436350026562,45.3834037189688,1.2315156072591,2.07620067247304,1.07957583888776,NA,1972,6
3.80100760305539,NA,10.5126996944542,1.29230776788082,NA,NA,0.996942647341363,1.02557922564825,0.356172672136841,6.29282315210977,1972,7
NA,0.844317013038096,9.07390055875981,1.19107347332246,17.1151756421663,45.05156441872,1.41657294916071,NA,0.393907881812109,7.83758511550381,1972,8
2.59273360299333,0.652769388318655,7.78508640486074,0.873083248367004,12.7650378962654,9.90387440297904,0.609495260851012,NA,0.509995723040878,6.00797998334819,1972,9
3.11164829838874,0.967625233752138,NA,1.01610682280234,11.7241235351784,13.0469051891388,0.614784874854019,0.739677398856049,0.140827424105129,2.32643315733925,1972,10
2.82588674169335,1.27500314744062,12.4533819226555,2.76332117140345,NA,89.4973569001537,NA,2.13131519772902,NA,15.2582574972931,1972,11
1.90205885511349,NA,4.79840400145305,0.293431745062071,7.19945121387859,NA,0.58322704023075,0.561289890727134,0.132763402688928,3.86199135166638,1972,12
NA,0.852422592282252,8.4116256660669,0.821749658023245,9.42833898268105,6.77482974456066,0.662283415496718,NA,NA,3.34466126111469,1973,1
3.11146715106562,1.04641195515359,10.7374032652494,1.90934958862739,22.4845565875142,54.6687145261149,1.49097566502487,1.46153043076994,0.929856688211359,11.763915625006,1973,2
1.84312148202742,NA,6.17210701364242,NA,NA,23.5447753244376,1.07664872290379,1.41593199885182,0.620993991634846,NA,1973,3
2.81256338073435,1.21713457979661,NA,1.5844391688338,NA,49.6901684206173,1.49223538345597,NA,0.532713617758637,NA,1973,4
2.36268979284417,0.673616127603598,8.36036210495403,1.50249227781254,13.3203935556679,17.3134504853254,1.02450772138673,NA,0.36032439297204,NA,1973,5
3.28187804469102,1.10610594749061,9.4822782556737,NA,NA,35.1391449764297,0.901690291268697,0.998488181944516,0.242474678858605,NA,1973,6
2.33268061295598,0.325595658311888,NA,NA,7.34056351748504,1.23762548880808,0.513935484619872,NA,0.171193194473886,4.97181787073689,1973,7
NA,NA,10.1366147615216,1.47438826557007,17.7960537560608,33.4094433731341,1.49876780729537,1.62428592257537,1.02566676035461,10.0104745731037,1973,8
0.592668964770504,0.0956155605753279,3.16962968224233,0.257634339502765,4.61998706430629,NA,0.310787405921372,0.279034396965525,0.0125881444772644,NA,1973,9
2.51624486374885,0.71181077546939,6.3344992054659,NA,NA,28.0877136009656,1.55337482953854,NA,1.0116483984976,9.60312440737212,1973,10
3.01380858336822,0.878738856759068,10.9712685547336,NA,17.8927064076266,18.4176782656217,0.794210014654668,1.17114454142182,0.726621361668033,NA,1973,11
NA,0.75965428778019,9.08555267491102,NA,NA,NA,0.750596335004194,0.99827262913986,0.546957653615886,11.4763575148508,1973,12
4.07113502102263,0.958710633623584,8.15498425442354,NA,15.5926727545467,25.1583866190251,1.55091292585243,1.61677327852101,1.35202939056035,20.74317981568,1974,1
1.71229267679827,0.481680069502379,5.71383336885806,NA,9.72131880295765,8.14267073313442,0.645189611829293,0.686829862948552,NA,6.88336564055992,1974,2
2.59182395199518,0.434538271799997,NA,0.751590799774357,7.2981537528055,0.608881197011412,0.35880299478172,0.422461115426695,0.110033616642337,3.28261318398123,1974,3
2.68202461944516,0.732487855220372,NA,1.19896829562511,15.3926185300834,14.65810867554,0.873540995058202,0.893536794776507,0.402822028627155,6.22588917682565,1974,4
NA,0.738399283704651,10.3136544085953,1.60970728167595,15.5437642901914,19.0269357462595,1.20040056420937,1.37796904118974,0.692173213380241,11.3248349998735,1974,5
NA,1.03070563107786,11.8762760146963,NA,16.3276022894263,27.3433224359,1.21147674609507,1.57674986124493,NA,11.7224836990555,1974,6
2.12558939378743,0.493213480926713,6.95693715539037,0.561696637823374,11.6505677484587,NA,NA,0.777427193810493,0.351104969655076,8.30645476002849,1974,7
1.39837620299471,NA,5.63556584375528,0.517252548333505,NA,2.99517977863064,0.584621100257681,0.76506276262271,NA,NA,1974,8
3.32182428269455,0.892332814925473,9.19543094877588,1.28687116776189,16.3868491922981,20.9327692442022,NA,1.4951851954691,0.650315313720775,9.57389458951989,1974,9
3.66780425579663,1.19900953794188,NA,1.00803951837669,NA,14.5736950040409,1.13689720762491,1.88479358615014,1.35429712418413,11.5175462479997,1974,10
3.06176336170681,0.828748099872722,9.13948677593511,NA,11.8646832103219,11.4457476982536,0.765386202047756,0.987085781092207,0.147598669791577,2.62483500567882,1974,11
NA,0.742213771076119,8.74910441649708,1.53336442883141,NA,25.2608198641137,1.33125928759977,1.54596650194031,0.806056271693434,8.37048757772378,1974,12
NA,0.481265149601589,8.23329203477639,NA,16.1119249923776,26.1041309726654,1.06692837825891,NA,0.514054307554215,12.5260990423005,1975,1
1.88741911891573,NA,NA,0.727927407707284,NA,11.1897707138436,0.742428534534834,1.55270233165652,1.08923993758804,10.3956505762751,1975,2
1.91406641972616,0.622369247008326,NA,0.847636851299084,12.4513009744845,4.97047509811411,0.545648573834132,0.569054607351364,0.135106138332331,2.67722598282217,1975,3
2.1110871218032,0.672578576859996,7.49334883641134,0.706891256982114,10.6409311101574,2.64331539057967,0.596939253914311,0.83745849901695,NA,4.89571331138294,1975,4
NA,0.455249267912202,4.84927021611456,0.618491464725442,10.1201865072197,NA,0.672081204790284,1.07676465947495,0.215088348627168,NA,1975,5
1.07644548544363,0.354334825257371,6.1577965782344,0.602850834218321,11.3516995965195,10.0087671063338,0.719183962189763,0.569206214787281,0.0778816413920972,2.19753772199627,1975,6
2.31713934066351,NA,NA,1.4350740975742,NA,NA,1.03777660280247,NA,0.263332931396998,NA,1975,7
1.28898588467592,0.264293913361841,NA,0.607939019775819,8.83185992848999,8.67608639397685,NA,0.721653247930117,0.198917722334348,3.52140169386329,1975,8
NA,NA,9.71635985341106,1.58235955243134,12.7227630170662,18.3552565833907,0.745928658126114,0.608796005054919,0.201229725768337,5.5693418945098,1975,9
2.12432141600727,NA,7.75880000069676,1.16853668735644,12.7657401443285,14.6287470467678,NA,1.05870128604434,NA,4.68169303863796,1975,10
NA,0.514169511481394,NA,1.99800355127023,21.717723721426,56.1607204589501,1.39010700468456,1.25999698916899,0.373013641806106,6.30484601175513,1975,11
NA,0.675385762892838,10.662962565161,NA,17.9817527468838,31.0599220055131,1.01480667361398,1.53578710304492,0.542870653197374,5.98311918459524,1975,12
2.27742751798269,0.504853871850184,8.35526465780786,NA,NA,11.2067505759311,0.840145743056738,0.742220445409334,0.212899196318273,5.67609798881033,1976,1
2.57193541282971,0.904439249015389,NA,1.44486107606734,13.3615669263553,5.48207497629435,0.643403191169937,1.10910206487978,0.441693010010077,NA,1976,2
2.12449999277793,0.81161618568273,NA,1.65777512220122,15.9767283191911,8.07853182985546,NA,0.628142403636002,0.244694257327533,3.61233459807497,1976,3
2.28020939019706,1.17040842475935,11.2050820069039,NA,14.1764949417024,19.7675560977848,0.953917180288167,0.874460282710363,0.381439255901926,6.5464141941508,1976,4
NA,1.41815524343968,12.7053153266012,1.66049241737635,13.7812331358176,17.9130238488314,0.825559366062089,1.42174123924773,0.91572765309767,8.60519265048745,1976,5
2.53508295462161,1.00215205222562,9.80883455686202,NA,NA,23.5577486750043,1.19692007995797,1.21468174046461,0.736695407848759,9.8270356018121,1976,6
2.10235611318482,0.746192839161445,8.64280645106934,1.40321993337288,13.8757924221451,24.4880412207769,1.26381357534501,1.42338623079738,0.792871417115249,8.02669474018636,1976,7
1.31504419298027,0.271853413146091,3.7297297518359,0.21694116294544,8.3036412263666,NA,0.37891313769778,0.673563830300541,0.160055816954561,NA,1976,8
NA,NA,9.1656719472712,1.22077229543142,10.8206341305469,14.4849120972548,0.868784212902948,0.911428820020893,0.110315346752092,4.21063535147081,1976,9
3.74790899941352,0.985425386694085,7.18865270705195,0.850288195885139,14.2290268485484,20.9927444356956,1.1291601425263,1.30763653501918,0.599189758716982,7.87407563613315,1976,10
2.76934728039719,0.741391616875689,11.3006036105475,1.17909080506501,NA,25.2416041583199,1.38690839772363,1.60430225711603,NA,8.37814028583875,1976,11
NA,1.78759139336455,12.2802891942396,1.53773262903908,15.9743440368586,NA,1.03602577746895,2.03559257129324,0.767938991175673,8.0313553897552,1976,12
NA,0.805340495872239,NA,0.649412428216635,11.638701075244,11.3334273203097,NA,NA,0.0505024123186726,3.15510990714189,1977,1
1.64158534396635,0.373706823182122,5.5894625019999,0.72914582345982,11.4321806669817,17.2201352819958,NA,0.879040686429767,0.335350102346292,NA,1977,2
3.27188273428182,0.810174537437252,7.36357523718345,1.26191758275142,14.8709560906743,NA,1.00891043894974,0.971371724220185,0.328746216987704,5.40478198508165,1977,3
3.08592968406863,1.01105872809788,10.9559062447114,NA,14.7547816862461,18.6748258073336,NA,1.31967801143882,0.742463262448612,NA,1977,4
4.00458658625194,NA,12.3371983462849,1.54488926709007,17.1592897864088,32.2792940059565,1.14634132881118,1.64361748782769,0.66462527924003,9.47502288841618,1977,5
1.94721535328202,0.404718287207965,6.54440596893581,0.397942487739885,8.10316722256728,2.52271894331644,0.595332262290518,0.732783501694318,0.164591000732261,5.32696674349344,1977,6
2.20807630813053,NA,8.67911958589582,1.25333589077937,NA,13.6953653882037,0.754011547200648,0.812349380756006,0.491506660090677,9.67590384192577,1977,7
2.933707123449,1.0658370241158,12.4600817894436,2.31586174739163,NA,72.5654716361423,1.92938238489799,NA,0.751630028272678,NA,1977,8
1.95281361011762,NA,7.83727868640564,1.39768223105786,15.2287446965619,NA,1.02553481497293,0.954096770943043,0.174622763530734,6.28797179523274,1977,9
3.68798853323601,0.864936100307658,7.34463646381285,NA,11.9143266934329,17.0151361377996,1.02090944434645,1.27427594921932,0.483182598254121,5.55521297544074,1977,10
4.77418765723022,2.03781229800997,17.6180337317173,2.54767630766774,22.791073299826,NA,1.43617674619293,1.78289057981098,0.948451598070306,9.48283426334932,1977,11
2.45169723348769,0.727255013430781,7.20577541425245,0.603367751433365,6.88842918420426,2.50624658821146,NA,NA,0.274025579285059,3.17076204089002,1977,12
NA,NA,5.25728805568964,0.830660652288097,10.412605418229,9.05365640923565,NA,0.491615194703807,0.0509161629762941,1.2438386673549,1978,1
NA,1.09708557809114,12.1145070251902,2.55783414766901,19.2517178389791,40.7560252793763,1.22092089535709,1.39674520165191,0.908925677587405,9.95721806008889,1978,2
2.65264901370379,0.703769621161338,9.0242085883465,1.56931552294834,16.2225247956564,NA,0.948139032762555,NA,NA,8.63263327586407,1978,3
1.8720919850328,0.397757145402975,5.83204310291927,0.565611399360962,NA,18.3293764725875,0.958146146682191,0.903904500435904,0.400668569256828,6.30260630957661,1978,4
1.25357492725921,0.334704655681791,3.81450139843149,NA,8.98704370848199,2.65462396467077,0.433647055838935,0.358042562780279,0.0495694673034648,3.39081025467334,1978,5
2.25978280758234,0.559395624663221,6.7033595205643,NA,17.8783072422088,27.9326820091362,NA,NA,0.954345316212771,9.73477037548887,1978,6
NA,0.351580679118291,6.43397680367112,0.575654303148485,10.7254188748293,6.41356187171769,0.616736151430931,NA,0.270053965903076,6.43802746077348,1978,7
3.51037063667677,NA,12.808819288111,2.47906230408582,18.8514755145075,38.3732786191159,1.17245376052268,1.18446315187712,0.58494176377995,11.4946262818675,1978,8
3.96473938965056,1.39423289730703,12.168241956637,2.10369430661398,18.9597866331193,39.4711172485006,1.31708049330061,NA,1.62127701932597,13.2302398233916,1978,9
2.7801214527951,1.00701781115165,NA,1.61841340958098,13.0176742863427,7.82717909329442,0.98263978668248,NA,NA,3.94965277334144,1978,10
1.23373816409571,0.296429017482321,NA,0.534465728378025,10.8852959292651,13.7691071481888,0.73008805067587,1.00251647054507,0.558423763606504,9.89650176307866,1978,11
1.42997223526849,0.252541878063967,4.61698371212611,0.798530020705262,11.7071594941328,16.4823459354681,NA,NA,0.451128508160143,6.52889697561155,1978,12
2.98714044133422,NA,10.8010393100776,NA,19.4381653094522,58.0523252933783,1.3806256883988,NA,0.681863732342001,NA,1979,1
2.10847242092963,1.01827864408526,10.3486800394939,1.25258828183878,NA,22.5994839571339,NA,1.42618147181953,NA,7.73180063370234,1979,2
2.38559136793066,NA,6.63927223817418,1.03135958747402,14.1944722261184,19.5398178205215,1.01167915468449,1.14929079189569,0.449974861162773,NA,1979,3
2.29214397810023,0.458429487230425,6.00029115700698,NA,8.1830120908788,5.65234433372827,0.589113277256253,0.679645860816761,0.242063546633358,6.78277290249397,1979,4
1.18325180492074,0.227233154434739,NA,0.33488107761826,7.80034785430953,NA,NA,NA,0.0635484163689971,3.49299844648825,1979,5
3.17888714838231,0.741692999059289,NA,NA,15.1437508484303,30.5556401883067,1.11008517971897,1.15179839367513,NA,10.1392064208471,1979,6
1.75588733398168,NA,NA,0.775879843944858,8.9472348147631,2.4132364290017,0.56713138904565,NA,0.131482215186249,4.00387094379088,1979,7
1.63955760927391,0.458360454528949,6.16165190852875,0.685310725496188,9.19085645640673,4.80251136088565,0.655586851066603,0.628707629128813,0.0837538970683091,NA,1979,8
1.86007394444706,NA,6.68912774855075,NA,11.1202648288231,12.0354300333336,0.86005047307773,1.33193341498525,0.979248970735335,10.5835081972138,1979,9
3.67404265342355,NA,11.0981842333369,1.43380404758893,16.9912334372213,50.4770510861371,1.17180183846125,1.27342334863779,0.563751314123879,9.01626569244799,1979,10
4.69961767839346,1.44657896677768,12.1255367001189,2.47947843386961,16.9753996573903,35.762464556698,NA,0.993465286016428,NA,4.58333451575565,1979,11
1.71695761592301,0.376034401697388,4.8115417706667,NA,NA,1.52792984067915,0.585818347223873,0.371061244619003,0.0400866374070756,3.64624747604406,1979,12
NA,NA,NA,1.99783474743323,19.7709293422139,25.3131938329433,1.35927530318332,1.55094272841141,NA,11.3678911657012,1980,1
4.21031219638258,1.58182581925411,12.3687673110385,2.3147011065496,19.993591662281,41.109579443466,1.60504938230174,1.718546053359,0.915537741121753,10.57965111547,1980,2
3.07622915924177,0.883998958794274,10.5985801792602,2.39538959878281,17.1763123033683,26.2710923125045,1.12463221816755,NA,0.371566612798608,NA,1980,3
NA,0.809887761623036,8.58651704976993,0.947487059761672,10.1790899063836,12.5012610295548,0.968322591805888,0.641496247616502,0.120253764398594,2.99906613985621,1980,4
2.95550658668357,1.1494263030833,9.90453408973871,1.4106338279782,14.3890892268967,33.7600250008485,1.50386226786622,2.25517222262388,NA,9.00419036208669,1980,5
2.05343554502925,0.601799517426307,6.7403195911714,0.729900423919978,NA,NA,0.436208755121669,0.461927382608039,0.0879150197067489,3.22327708372344,1980,6
3.2591546364573,1.16961390035822,NA,1.80433224066054,23.285485518751,69.3141874966195,1.74410631730899,2.37956206022607,NA,16.0542186645321,1980,7
NA,1.362423936887,12.6180260297095,1.97879331803077,18.1224738747151,30.8475641928343,NA,2.60589903822147,2.03507563847251,13.7229176714973,1980,8
3.97116548519847,1.62567848636798,16.6489414338334,3.64175646811478,27.2635870566149,100.220341785359,2.01274897904917,2.87600018241849,2.91560331493632,28.7681708012924,1980,9
NA,0.710518232247523,9.19341171250021,1.29810995524588,16.2542319591239,28.6521506346444,1.17899274081684,1.06452998385521,0.420087058603568,9.50946907741381,1980,10
2.26388547735167,NA,6.35732451466065,0.891818381765088,13.7332099732683,17.1149430761746,1.12118256858175,1.25169967036193,0.560711101022571,NA,1980,11
2.50056596125936,0.75682245457128,9.49385817710604,1.03157785056739,15.229740144951,NA,0.968812768758117,0.997071261923347,0.262375927802722,6.21816237737639,1980,12
1.74822364762914,0.482522096045222,4.79364296514043,0.305968136563344,6.87789770446714,1.97091897959685,0.416874979736266,0.509791952516785,0.0955371796936427,3.2465964070409,1981,1
2.41242965458089,0.54553266286266,8.111824326279,0.975338084640169,11.3739778773744,NA,0.711450403988872,0.938436020728271,0.619546363031365,9.50417024593073,1981,2
2.4687166648244,0.438274690732718,5.72830011262029,NA,8.54977742349806,3.51411751249898,0.711428138069321,0.819685276116159,NA,3.89167465278807,1981,3
1.52215471073535,0.25610666466095,4.45700700722243,0.469269745510249,NA,NA,0.347921185373861,0.394405339526893,0.10918766744314,NA,1981,4
1.68709763450228,0.342864754448729,NA,0.754053564815131,11.4340368277368,15.8173821889647,0.917189703279612,1.38240658381357,0.809955618310457,10.1641000269952,1981,5
NA,NA,NA,1.39614485882895,12.6612820910276,8.49265892169929,0.583117531804833,0.690143599949168,0.212975144650246,NA,1981,6
NA,0.549130851601348,NA,NA,12.0690161711792,8.01496919137218,NA,1.00484621887242,0.512945955249745,6.55322352866997,1981,7
2.73819086359574,0.741593773962384,10.1946109382636,NA,17.8724723146782,40.2204139694575,NA,1.0698334020896,0.327237101344446,5.45090302301627,1981,8
1.62037091261673,NA,4.62931155231999,0.405340543134859,9.24314997546012,12.2035080794855,0.748444121638032,0.830840177643732,0.370329956999853,5.34021807615772,1981,9
4.10202617069469,1.69693745371762,17.4038496171915,3.97094133145579,31.5940957748433,121.019859796719,2.36156812602887,3.61672588410462,3.32237772090696,22.46896062941,1981,10
NA,0.637848080667263,8.81854202503406,1.28264647383798,16.402169391548,31.6003790877563,NA,2.36296912897556,NA,13.1911353321572,1981,11
3.58299544492436,1.563470356588,NA,2.17878405071017,18.6537206954847,17.8790704414944,0.506333704037806,0.754948917835361,0.278766012220058,NA,1981,12
1.53420999276942,0.431368736700137,4.17393819531674,0.62559376953414,9.71128429482323,6.25706187756605,0.702156978216245,0.877712979681353,0.351187845283396,NA,1982,1
3.04852173694807,1.17133592866624,NA,2.2719868066114,21.2552080862292,35.0815801962574,1.22174887641933,1.35230074520866,NA,5.85164079735022,1982,2
3.04638961120998,0.608995021525614,7.64114504140592,0.665396250789409,7.62263729350408,1.19171705183031,0.342402459782134,0.332623094726629,0.0780697816677136,4.40409939563316,1982,3
2.51409970277313,0.956596274299907,8.13722865787479,0.878395129400068,11.7417120541802,10.4205412233686,0.767578882574812,1.01651009167104,NA,7.81811329474213,1982,4
NA,1.15109478610589,10.3712260188554,NA,16.9438043550054,32.0318951507318,NA,1.40928285828153,NA,NA,1982,5
2.62566719952865,NA,9.62188546932811,0.908564469786258,NA,17.7634386796809,NA,NA,NA,NA,1982,6
2.86690832334394,1.0385768255548,10.699423875154,1.28569919994722,13.5321362856225,6.51158907246526,0.668396747937449,0.69649807408309,0.296713653342056,5.46941158172835,1982,7
2.7306912325389,0.869776165141333,10.5419419240942,1.52659967396231,17.9514866582689,15.0153794619744,1.04656594845912,1.497130229882,0.360224485798245,NA,1982,8
2.57352910387351,0.819458082585757,NA,1.41214024581044,19.1150418772777,30.53900928751,1.13911641749413,NA,0.778383446560393,10.5371832016436,1982,9
NA,NA,NA,NA,16.2663897152761,20.6482110155644,0.765075485460685,NA,0.0849878839888599,2.18026106195844,1982,10
2.93192782055385,0.957135542457775,NA,NA,17.6383769930748,30.4656892250577,1.24263881283288,1.81486187129307,NA,11.2420297861639,1982,11
3.33390640204102,1.22120917106168,9.58940161782139,1.07119312772691,12.9733265817666,NA,0.852758281144387,1.01837279194769,NA,NA,1982,12
NA,1.04766319548236,9.8325574673258,1.49738138442884,13.1642465563054,NA,0.578315907614345,0.893016899059477,NA,4.63138195183055,1983,1
NA,0.984089613348216,9.28729648276228,1.12959021102338,12.9950977580224,8.33495601142436,NA,0.611247451279579,0.18496952488816,NA,1983,2
2.78324053586302,0.549078688929343,8.34688262993038,1.1274555023151,NA,9.57509614101227,0.683303300351648,NA,0.418357145056806,4.24538153788054,1983,3
1.77505356467669,0.577428931678354,NA,0.343261370817257,NA,7.94305056060298,0.654127633395522,NA,0.270184151328296,NA,1983,4
NA,1.09908026909817,10.9447773738641,1.59695352670989,15.6381529722935,20.5284031297087,0.631117676560963,NA,0.228326727073216,5.90859475765407,1983,5
NA,0.821267069736508,NA,1.37544937185939,NA,23.8124458564301,0.945044912447876,NA,NA,5.92780025152554,1983,6
NA,0.494469208796758,5.3726059685797,0.366265556371848,NA,NA,NA,0.808014158358239,0.0980792945184316,NA,1983,7
3.46206735927547,1.23065597360681,10.5154600285884,1.65390736611135,NA,39.3873522646838,1.28319209011809,1.6001256155524,1.0771358705497,NA,1983,8
2.40111917173263,0.816407662309886,8.51626164855175,NA,15.7830129706516,18.3347041234715,0.796866341692964,NA,0.235079270771024,5.52567384562417,1983,9
2.26971548762016,0.471141424531191,5.6826125226791,0.533879815676955,11.0796228375344,9.6678876657614,0.64947457106776,0.684111943068528,0.202234363699486,NA,1983,10
1.43757599595614,0.318099975968914,NA,NA,12.9034318536305,NA,0.863779555432058,0.698574285968399,0.186870357950017,3.98728346210889,1983,11
3.04983579614443,NA,12.5692608674948,2.51080844579884,22.2388301008514,51.0409620705413,1.6377136387143,1.96184993298355,1.29658995337553,11.3079936184601,1983,12
2.01524810232785,0.336246138495238,6.19318064001475,0.993179280047888,11.3752689737963,6.10249748139958,0.635175125544411,0.89049076846541,NA,6.78290597041898,1984,1
1.38971898800857,NA,NA,0.765503087878538,9.90762073146361,13.8453856675428,0.645215064612355,0.57054555270332,NA,4.36277685896675,1984,2
2.05086507674884,0.559002226513694,6.6477651357104,NA,9.9349400478467,19.029973143926,0.849476405676498,1.29021620358295,0.771971197162254,6.60454276083298,1984,3
1.8456586502065,0.397006670020094,8.45755084835069,0.860680075291215,11.4980928782541,9.65248067803782,0.990103964222787,1.42428446784358,0.560135811841276,6.61644383501995,1984,4
2.54151714800819,1.2124623004764,11.8001871287655,1.90658107644547,NA,47.5950150861391,1.12197766860704,1.21323745623878,0.88947321200849,10.1637480655185,1984,5
3.41647553663923,1.65573443921682,9.47516498074742,1.98192074059106,22.7200677494379,73.3445869070724,1.71209212850897,1.96117305305752,1.3370295599777,12.4097295200597,1984,6
2.33758746352111,0.586072666345511,8.65205542390198,0.965682857467709,NA,11.5578340628926,0.684867185628384,0.576493182441333,0.21453481147582,5.72782532895163,1984,7
2.58150536417509,NA,6.08032475842106,0.547296976861751,13.025335640557,16.2853649967771,0.978150353588206,1.05255107445796,0.555734125515335,NA,1984,8
2.35233515663685,0.734767258950744,7.66544690786893,0.61043890899323,10.0318972906457,NA,NA,NA,0.396805943687515,NA,1984,9
1.58711807808741,0.350458415834389,5.11245249079028,0.344806280039652,6.41954387913991,0.685907747155648,0.286481729936053,0.360867303929476,0.0552335763388501,1.81285161053922,1984,10
2.16664189553142,0.449994670898974,6.31332136089124,0.616186330256207,7.73696455798714,0.711613245980539,0.292237611052361,0.294379403425725,0.154118335667768,3.44993397160458,1984,11
4.33322660754385,1.12444146877315,13.7726170674819,2.40355647146347,18.3766595628591,47.9905994679723,1.4194535017152,1.65601316255399,1.20096508552336,9.72212149313252,1984,12
NA,NA,NA,1.52859056141578,16.6108847817667,26.3408001615236,1.05553882675647,1.31274816070708,0.796280795306888,8.44712889392371,1985,1
NA,NA,NA,NA,18.5932614650364,50.2990752950507,1.69346075959003,2.26885347460491,NA,17.0520410009715,1985,2
NA,NA,NA,1.07718641301921,10.5368199696415,6.2967249154813,NA,0.662964261354369,0.39388365665714,5.01619545370935,1985,3
NA,NA,NA,2.7300649591295,22.6645347525949,NA,1.5822591854617,2.37432988029797,1.69563860123787,14.9776314836764,1985,4
NA,NA,NA,1.67388200699816,18.9261801512114,41.6827642161314,NA,1.80442498525799,NA,5.51970848874349,1985,5
NA,NA,NA,0.603063143675265,10.9155249187016,7.44831883851447,0.645942685079445,NA,0.101377866046716,4.07124495958264,1985,6
NA,NA,NA,NA,11.7329309682157,NA,0.639090160963412,0.636199380899595,0.235645703135534,5.37913360219747,1985,7
NA,NA,NA,0.791295230737268,NA,12.6042842262552,0.816703958673943,1.39014110595603,NA,5.87729520923918,1985,8
NA,NA,NA,1.61459080791816,14.3596214002461,12.127448181499,0.855625246855994,0.908019203528968,NA,5.88472406861631,1985,9
NA,NA,NA,NA,13.9868831256599,16.8735348637189,NA,1.43046852416356,0.628294552797961,NA,1985,10
NA,NA,NA,0.346459647785865,8.10370631134793,4.1035561422742,0.473740592635925,0.459063750296952,NA,3.62143888276092,1985,11
NA,NA,NA,0.693145382881691,11.9579856869564,20.1832519626962,0.954379697185949,1.25015717339203,0.829580456201221,NA,1985,12
NA,NA,NA,0.507975341816498,8.42660252821593,8.84130283628533,0.635877796898938,0.743990096158787,0.0851911725136037,1.85345882711995,1986,1
NA,NA,NA,2.87151925562843,NA,34.860889081624,1.19058005617844,1.23684805553499,0.577766565333342,NA,1986,2
NA,NA,NA,0.706366966562516,9.3767985882469,3.14919607872373,0.448082173410507,0.361907635861047,0.0589956697572835,1.82933263285866,1986,3
NA,NA,NA,NA,22.2774464481251,34.9771620308639,NA,NA,0.599371674065645,NA,1986,4
NA,NA,NA,1.3041934369535,16.8536480371335,21.2535630570495,0.871969921474382,1.13377297685753,0.412899845112964,5.64894951368512,1986,5
NA,NA,NA,0.756095785569287,8.6082951708302,1.42988972054083,NA,0.255992639953903,0.0157300242300725,1.38323276276725,1986,6
NA,NA,NA,3.27855159599722,NA,77.7653959543759,1.78934450009377,NA,1.12569007909632,NA,1986,7
NA,NA,NA,1.36299027580364,12.7764414913691,10.0941548666062,0.674199324122937,NA,0.577234135722169,7.09304259492635,1986,8
NA,NA,NA,0.351693398910861,8.6510246881539,NA,NA,NA,0.279919510046134,6.42653950013223,1986,9
NA,NA,NA,1.20843571369803,15.0858963946177,9.23749649733849,0.752923927466553,1.0115945090064,0.703369206288352,12.3212025149517,1986,10
NA,NA,NA,NA,10.7416779081374,6.28791374118498,0.651881232009848,NA,0.402676423375918,NA,1986,11
NA,NA,NA,NA,NA,11.0571221292883,0.700080500310574,0.596833198561481,0.062863562797839,NA,1986,12
NA,NA,NA,2.58652571127583,20.8582850345939,45.1566196003343,0.868358908642674,0.972159515291991,NA,5.06326481552778,1987,1
NA,NA,NA,NA,11.9824667306475,NA,0.700997947035109,0.731879026679182,0.180797509425681,NA,1987,2
NA,NA,NA,1.29768317210769,16.1298092267453,29.1748763880831,0.890688315260986,0.964221366016928,0.358491140349847,5.27796593711499,1987,3
NA,NA,NA,1.80355598804692,17.7178804353165,17.1004289707066,NA,0.970350622284429,0.283951752208352,6.49760543262802,1987,4
NA,NA,NA,0.531979605348842,8.09989075201544,2.67811364722302,0.523361353266848,0.489076250863278,0.124372951929636,3.64287498908688,1987,5
NA,NA,NA,0.900561430298112,NA,NA,0.998403090894716,1.80428028784812,1.09956597009762,NA,1987,6
NA,NA,NA,0.916222751590862,11.1534544275274,NA,1.16580541501225,NA,0.52430507502888,4.842269176201,1987,7
NA,NA,NA,1.25705889989203,NA,23.7778839688096,1.20359907641726,2.16287950727014,1.28014501512655,13.4058869675515,1987,8
NA,NA,NA,NA,12.397834849368,6.18416118550091,0.38754560276946,0.598209228612318,0.2599990956274,8.02604281477653,1987,9
NA,NA,NA,NA,7.31633465867734,3.85424243737001,0.559867452653977,1.31917107235017,0.523191953754913,7.66733100212719,1987,10
NA,NA,NA,1.21132477264636,14.9933540356766,25.3998885342396,1.309570671179,1.50126496287382,1.05310310514186,10.9323168465693,1987,11
NA,NA,NA,0.644644172079884,9.06853014168865,8.07030966919325,0.764578302948202,1.09781089650589,NA,8.45946688656222,1987,12
NA,NA,NA,NA,18.6603887898157,50.0165737849139,1.21820337507027,1.36467971197171,0.967876055136949,6.75786800140415,1988,1
NA,NA,NA,1.3562236393373,13.200387657613,NA,0.913071052163477,0.822992969078754,NA,6.21141458503569,1988,2
NA,NA,NA,0.763575918908404,NA,23.8906050785992,1.02566866442667,1.01849683941863,0.31324988812248,NA,1988,3
NA,NA,NA,1.9627035607558,19.5188761485681,NA,1.0600627877379,NA,NA,3.97332795782134,1988,4
NA,NA,NA,0.409953264997718,8.54193865493835,NA,0.597838871692993,0.833695463599176,0.334094820101694,7.52207295569583,1988,5
NA,NA,NA,1.17336965189915,18.667738483386,37.5106534518596,1.02834214910355,1.17880091193293,0.827526252899291,8.86356362267137,1988,6
NA,NA,NA,NA,14.7738821566223,21.6258503983083,0.780845514418811,0.725863487502796,0.39724288621731,NA,1988,7
NA,NA,NA,1.01487035231824,14.4519234133209,NA,1.12065554216187,NA,0.523632762696734,7.46491334498538,1988,8
NA,NA,NA,NA,13.1587516835698,19.8584576695066,0.711292872162133,0.739064074021119,0.200644064835381,NA,1988,9
NA,NA,NA,NA,21.8064722116325,48.1567690301379,1.1746232368409,NA,1.10724481490702,10.1636448260461,1988,10
NA,NA,NA,0.791881323081028,10.9038285600674,2.07013948608397,0.475801075833132,0.425588154249348,0.0461470737957053,3.39583791835497,1988,11
NA,NA,NA,1.272624162963,NA,26.6705271904911,1.13861309275334,1.3114414174199,0.634137712682438,7.51144518994082,1988,12
NA,NA,NA,2.0132598489813,14.2574848593205,14.5384703491634,0.606183487799033,0.837587526029795,0.518020119560762,NA,1989,1
NA,NA,NA,1.08198919435597,13.064857486358,12.4999784073467,0.786677086448356,0.787580436502835,0.214492101896285,5.88556309832614,1989,2
NA,NA,NA,NA,25.4256262409489,82.7504238766872,1.93953935909402,2.22477630730524,1.34782955782519,12.7189634624467,1989,3
NA,NA,NA,0.803964740888613,11.7661488994599,4.28629290669365,0.495360521450692,0.53597137318773,0.0963491514732539,3.79569221685724,1989,4
NA,NA,NA,1.92823934453161,14.8463866773877,35.3198032189278,NA,1.97564686377641,NA,9.13430705382087,1989,5
NA,NA,NA,0.959113079663814,12.419352555389,23.0858384582847,1.01665275977084,1.00793758077621,0.334562188214409,5.70027705098999,1989,6
NA,NA,NA,3.39866309261851,NA,NA,1.93134123333531,1.86710080805207,1.0284405840539,NA,1989,7
NA,NA,NA,0.917883547833574,12.6500239300123,10.1370077920036,NA,1.17573597066579,0.343867988949996,5.13275989212161,1989,8
NA,NA,NA,NA,19.9248391850231,27.7238804423463,1.10120165785721,1.90464112240562,0.907947819040576,9.14387680271232,1989,9
NA,NA,NA,0.961775948584835,11.2814351299286,7.35254020016178,0.518701830456045,0.612476184108239,0.214540669185096,NA,1989,10
NA,NA,NA,NA,14.9788184117365,22.801997146647,1.07459055251241,1.13430791544168,0.279678623188787,5.52381979335956,1989,11
NA,NA,NA,1.71720244555301,16.6788049173738,34.3027084860658,NA,1.77854415306515,1.38392888869344,NA,1989,12
NA,NA,NA,1.73599842544458,15.0407818241625,16.1261683331113,0.729039396320462,0.739773413845899,0.288010275719414,5.66250320151746,1990,1
NA,NA,NA,NA,13.9855487470636,21.2119825710692,NA,0.873692640543418,0.540410875373973,5.94237518356937,1990,2
NA,NA,NA,NA,8.78343441989295,2.76297992412031,NA,0.575053021970245,0.179201733153267,NA,1990,3
NA,NA,NA,2.42688093015907,22.4915959869103,39.1617043707041,NA,1.79729505249299,1.42375387965971,13.2306395393721,1990,4
NA,NA,NA,1.77404361193908,14.2742972125375,22.0274547699239,1.30202611589415,1.45366636781964,NA,10.9340803701055,1990,5
NA,NA,NA,0.535831113983805,NA,11.7763240582114,0.853579633051588,1.18259232359699,0.516324538306203,NA,1990,6
NA,NA,NA,1.01218740345635,NA,8.6744394670052,NA,NA,0.639795933727979,7.13150266916221,1990,7
NA,NA,NA,1.90428240115121,22.5708656080875,68.655237627525,1.5397783934516,2.41924096167129,1.85854693605908,NA,1990,8
NA,NA,NA,0.999067861225505,14.704454283568,NA,0.787243401105831,0.97633341325629,0.34869038163298,8.11680483559631,1990,9
NA,NA,NA,0.263438519677185,5.56232847513416,0.568947177934085,0.380183711462223,0.509475706040678,0.194269570950808,3.59877707440171,1990,10
NA,NA,NA,0.378180150213005,6.99363571815715,3.12586390567748,NA,0.650308937772834,NA,NA,1990,11
NA,NA,NA,0.589882932693553,9.99677330894938,7.23500216056312,0.584183980364566,NA,0.248749336414476,NA,1990,12
NA,NA,NA,0.951264663154192,NA,13.6475982836134,NA,1.04902828434101,0.506161745108921,8.10719100499836,1991,1
NA,NA,NA,0.352730703077351,10.6333862159381,11.445305634965,0.913832547104516,0.979752104042138,0.521862904031825,7.46625041433137,1991,2
NA,NA,NA,1.13615888367666,14.6045178606878,25.5637192167783,0.990102999272271,1.31278416519016,0.57888981269696,6.11742019883852,1991,3
NA,NA,NA,0.757149106140632,11.3762509831526,11.0735874445654,NA,0.805771898051321,0.149271827649633,3.5551906819626,1991,4
NA,NA,NA,1.12726246780733,12.0439419451024,11.1912236944206,0.716307513882337,0.84172693310215,0.26027150519486,4.58760444949001,1991,5
NA,NA,NA,1.08535870989425,NA,23.6967733029862,0.89138274721582,1.02724044916975,NA,2.85019938323256,1991,6
NA,NA,NA,1.16968756081746,14.0801686778146,16.8077469299426,NA,1.22785993869041,0.332580879173712,4.17431259662023,1991,7
NA,NA,NA,NA,21.2383571900196,62.2142086461732,1.60832840707694,1.86669907071905,1.18916656667493,14.2302860086812,1991,8
NA,NA,NA,0.322397035598376,7.81809370193179,4.80331241087706,0.605297632152531,0.904180431720186,NA,4.03132102748595,1991,9
NA,NA,NA,1.9642825582948,23.3442655953204,62.4954282647576,NA,2.3496687494776,1.24254671989801,NA,1991,10
NA,NA,NA,0.941319799394998,NA,10.896426664717,0.713177651390737,0.94916689801347,0.230282001080409,4.32292600542897,1991,11
NA,NA,NA,NA,13.8346541733352,20.3820221453682,1.24294094539973,1.38362508095416,NA,7.71312305681336,1991,12
NA,NA,NA,2.90816458122481,NA,92.9113581235399,1.66873553404177,NA,NA,12.6106267381325,1992,1
NA,NA,NA,NA,10.9438518981752,12.5097410582412,0.865380776784566,0.748797930806991,0.108621956232012,4.71686073455581,1992,2
NA,NA,NA,0.493022081288503,8.99765204479143,4.19837409083571,0.543221847570063,NA,0.13244410718719,3.5356228640029,1992,3
NA,NA,NA,2.27694273837291,15.7734869280495,26.6892152372607,0.859812077961843,NA,NA,6.13322218371511,1992,4
NA,NA,NA,1.44913596552869,NA,26.2163089855695,0.765854949267249,1.06610875134493,0.672759741787175,NA,1992,5
NA,NA,NA,1.41058580441878,NA,NA,NA,1.19010457788032,0.373061006187304,4.79904902094771,1992,6
NA,NA,NA,NA,13.677987064258,24.2216055358689,1.09303272069413,NA,1.55058037637284,12.8510850983391,1992,7
NA,NA,NA,1.60813905946701,19.8937470353955,45.7765526625881,1.51867948206861,1.99266639231716,NA,10.198504190069,1992,8
NA,NA,NA,1.86361863947272,NA,24.4974917614658,NA,1.50624186566263,0.588292782053901,NA,1992,9
NA,NA,NA,0.690543823446893,10.0398486035548,8.79363999775681,0.712394329551166,1.1429700948016,NA,5.7824946351931,1992,10
NA,NA,NA,1.36424469352274,13.7292198101182,25.6074783290327,1.10027520036286,1.23602685885475,0.714354858668015,8.36019145803248,1992,11
NA,NA,NA,NA,16.0129871863875,31.8125590282006,0.889067367424566,0.771639021013662,0.250899321582939,7.49068497845927,1992,12
NA,NA,NA,0.442455711304674,6.52540743526509,0.58558856139456,0.425220361396855,0.600338675012133,0.135880983637685,3.85965022161926,1993,1
NA,NA,NA,1.9741784690623,14.850883155418,32.5232429908597,NA,1.93236346314849,1.56780804969656,11.2944060035885,1993,2
NA,NA,NA,1.93363970289817,12.7253076546076,15.4319358556013,NA,NA,0.748385322511031,8.56409743375059,1993,3
NA,NA,NA,1.12295651639662,8.24159206935455,NA,NA,0.836767248947746,0.165951193850435,5.62046060104264,1993,4
NA,NA,NA,1.57130359298119,22.5293790951174,66.1139720825391,2.02801604399079,NA,0.932878506629508,9.62750331275424,1993,5
NA,NA,NA,0.939464725227188,15.5828548690564,NA,0.96964830331176,NA,0.649805255774227,8.70451749727991,1993,6
NA,NA,NA,2.0247732765557,17.0035433923199,NA,NA,NA,NA,14.1918167335782,1993,7
NA,NA,NA,0.359145952719794,7.89199456274177,2.15927855657022,0.437794011856947,0.69769318223266,0.278176364871917,8.87211078104702,1993,8
NA,NA,NA,NA,21.5034911047272,57.9997400771169,1.64782989676824,2.14598191331363,1.40828211166475,11.5423945378563,1993,9
NA,NA,NA,0.436168528737496,10.1624816591227,NA,NA,1.74638815300521,1.24480563452644,11.6277302522374,1993,10
NA,NA,NA,1.49422513323886,22.2944017915872,60.832590445543,1.56498136712893,1.60584457547088,NA,10.813681080055,1993,11
NA,NA,NA,1.58772181921542,16.4561827597922,53.9661685601244,1.54503740888058,1.56472093125135,0.515939928035326,6.17219209734514,1993,12
NA,NA,NA,0.580592618299181,8.04872456979276,4.82247483344432,0.811124593213578,1.10316289940895,0.641546760159081,NA,1994,1
NA,NA,NA,1.06299082837842,13.6704718908547,20.8023614574755,0.870596216714273,0.977848498478588,0.259154815773214,6.42364863117169,1994,2
NA,NA,NA,2.39311333074153,21.4038876362908,51.5236094529973,1.16035609355664,2.03000864596067,1.19809634381095,17.0377130192964,1994,3
NA,NA,NA,1.28554327775659,16.0591603334476,17.6342930281364,0.855566139710745,1.2737032576598,NA,9.28290005747939,1994,4
NA,NA,NA,NA,13.6460094368512,22.5733480162811,1.23579374514072,1.95594935647858,1.1399569066572,NA,1994,5
NA,NA,NA,1.66415395537711,13.6888018121621,18.147243413786,1.13032062308437,1.68719183847911,0.711742917860783,10.3553590036508,1994,6
NA,NA,NA,0.805587656365272,14.7570123189722,13.9483607910749,0.736270274317166,0.599442743463857,0.394051587427857,5.67492549648851,1994,7
NA,NA,NA,1.79368666378694,21.1099295715547,37.5439193184649,1.17676432580047,NA,0.516044847996216,5.54726845635887,1994,8
NA,NA,NA,1.18497653296685,16.0544914950878,49.2878499394293,1.30347364752959,1.4523171529774,0.940082015855744,8.45273967644742,1994,9
NA,NA,NA,1.02243739130379,14.9685397264687,43.7193857486629,1.20644152736263,NA,NA,9.12464605844917,1994,10
NA,NA,NA,0.622421713945551,9.82651325303748,12.0010382743158,0.508542203789893,0.440162968240181,0.241886531995133,5.77998316703316,1994,11
NA,NA,NA,0.616723887699041,10.2609875948167,NA,0.862789987969984,1.07003598798649,NA,3.4110061959548,1994,12
NA,NA,NA,4.04001254695932,29.6869361932911,NA,1.73935596726158,1.86015973093527,1.89177048245693,NA,1995,1
NA,NA,NA,0.455642996155488,8.49817189351583,NA,0.887781376861203,NA,0.15767290564606,4.91040940587288,1995,2
NA,NA,NA,0.249086778858075,NA,5.25471210606228,0.427472574545885,0.660387486563835,0.189579950427347,4.29471054178334,1995,3
NA,NA,NA,2.43546163492687,21.7851315210237,41.0216474046724,NA,1.46644267319645,0.407291127324134,6.97179614818412,1995,4
NA,NA,NA,2.39918339522199,NA,26.3504211302275,1.47805042288069,1.49049788781278,0.519587597858188,6.12992032493191,1995,5
NA,NA,NA,1.13819590255434,14.8002912119136,NA,0.850303693342847,NA,0.39147405495219,6.91456136209222,1995,6
NA,NA,NA,4.76424793307355,30.3063882458777,91.8841731023369,NA,2.44066898892808,1.34358750175176,12.762990288009,1995,7
NA,NA,NA,2.5358075286035,16.2196034761188,23.3458568043805,0.997870434673193,1.04935117840987,0.665418695437178,8.80613474232188,1995,8
NA,NA,NA,NA,16.7490844903835,22.5227569551526,NA,1.90383351730701,1.12690160107337,11.2399815611369,1995,9
NA,NA,NA,0.634046522156082,10.6906258868359,13.4133706401768,0.867413402995897,1.16489626237242,0.415946429944778,6.32211864249498,1995,10
NA,NA,NA,1.22597088781193,17.4264290872017,39.9998267086166,1.34230016801824,1.65537580337648,0.998929552200554,NA,1995,11
NA,NA,NA,1.29691834724757,15.5773314545715,19.8601706004469,0.890377996808549,1.12812138721907,0.531914036091379,7.0854594820523,1995,12
NA,NA,NA,2.2084226639839,NA,79.4955820761653,2.00830312909637,2.4618074431507,1.26193266611405,12.9025652221499,1996,1
NA,NA,NA,0.974719355812221,12.4705199439023,27.2946393118131,0.904877335902627,NA,NA,5.50398438144738,1996,2
NA,NA,NA,NA,10.5911276189898,6.9186518418857,0.682171616222217,0.677374844275692,0.134419320257519,3.20214269255897,1996,3
NA,NA,NA,0.828079187333143,9.956837857139,10.4925309729144,0.65699799487812,0.627450208127294,0.0378809331031358,NA,1996,4
NA,NA,NA,2.20278311915995,21.4755880559933,NA,1.25507078161532,1.67523190971977,0.523011954773712,7.57356483430731,1996,5
NA,NA,NA,1.09528972106623,15.52187796861,23.0237634325112,1.05663568951071,1.561127714283,1.13543765471992,NA,1996,6
NA,NA,NA,1.49591184747963,17.0040437935263,22.458294030183,1.09877883108021,1.22215798479232,0.565298359716043,NA,1996,7
NA,NA,NA,3.0290032054224,NA,58.3133755009717,1.74825554239569,2.16132720317341,2.03769278369915,19.1395179967887,1996,8
NA,NA,NA,1.72390488439101,NA,20.3732899823299,1.075723306564,1.45719870520508,0.590735016028464,8.27737475749058,1996,9
NA,NA,NA,0.668976396987735,14.1461722066949,20.731558492583,0.863553014495156,1.1043340964154,NA,9.72007450430399,1996,10
NA,NA,NA,NA,NA,4.43126912982229,0.537576637727506,0.705876875607632,0.211256896377995,4.21608316013219,1996,11
NA,NA,NA,3.30540515635268,28.270118107931,62.775973412145,NA,1.7445447398392,0.777477844490313,12.2743000756584,1996,12
NA,NA,NA,NA,21.5013793825337,62.1467591576631,1.74921417361366,NA,1.30393361933474,14.0700333942442,1997,1
NA,NA,NA,NA,14.1950703294729,NA,0.669872630974431,0.638835690001645,0.092175435126423,2.09839236582153,1997,2
NA,NA,NA,0.576407201408732,NA,3.07736483631536,0.508595308245333,0.879648726978318,0.293694206517719,6.34587213585328,1997,3
NA,NA,NA,0.497645414317286,8.85374743590136,8.23011254283295,0.810527906929617,NA,NA,NA,1997,4
NA,NA,NA,3.04403089321823,NA,NA,NA,1.17128407964056,0.97235092095805,NA,1997,5
NA,NA,NA,1.96086625014644,20.2940992268884,NA,0.892368524797937,1.08024287768082,0.296122401503286,4.39025377409741,1997,6
NA,NA,NA,NA,20.9230997936226,67.784986708251,NA,2.65622509090322,1.76863813963843,13.6079938462263,1997,7
NA,NA,NA,NA,9.99423329452793,3.91543230294076,NA,NA,NA,2.30598708405955,1997,8
NA,NA,NA,1.64836447295163,NA,87.7194077309255,1.77416572496245,1.85486394367027,0.919907543393807,9.61353368825509,1997,9
NA,NA,NA,1.17692960274505,14.4401938497952,24.8669736978612,0.799149946594384,1.53948050202039,0.700580709483134,8.7406596225841,1997,10
NA,NA,NA,0.606027673810336,11.179514134437,NA,0.546719529517415,0.663049880688599,NA,4.67582144220387,1997,11
NA,NA,NA,1.51902031749386,12.9581312395195,NA,1.4616817600958,1.76961650620355,1.3519107373994,7.80620626358312,1997,12
NA,NA,NA,2.67060903417322,22.1177485219298,66.9924643517075,1.47349799725302,1.30053935065842,0.744741316551558,10.6622714790762,1998,1
NA,NA,NA,0.711434726092322,10.2187702530408,14.2145035479602,0.912333369041097,1.20922746027063,0.576849866806239,7.88412446435692,1998,2
NA,NA,NA,2.12800309688628,17.8438392567055,30.7865130240225,1.19460104223397,1.60118297265826,NA,10.0209419974626,1998,3
NA,NA,NA,0.580601632722632,11.8966182890306,7.23545698698316,0.714536478951505,0.96571914638307,0.604170944557207,NA,1998,4
NA,NA,NA,0.747082931803774,8.25405349938607,11.7949954235001,0.777261754444165,0.804733726407041,0.2753457905752,4.44348580051162,1998,5
NA,NA,NA,2.55249887220841,17.4761832710669,28.4732722695319,1.19486884895829,1.41288400765952,0.972338299570357,9.59202532780411,1998,6
NA,NA,NA,0.944278267978323,12.4354473702855,9.40713575744717,0.798077260297317,0.9707403151826,0.534670634375179,7.24053893959659,1998,7
NA,NA,NA,1.68457801103008,17.1353953226484,34.7970587491742,1.29956801422808,NA,0.888152515567241,9.57408356138381,1998,8
NA,NA,NA,1.00800293658617,11.9476838530428,6.11926211228907,NA,0.424626399387888,0.119704201063999,4.57067994875585,1998,9
NA,NA,NA,0.696506836507465,10.403977066116,8.9123048597408,0.519873301051021,0.532141137720942,0.12380994213212,2.63558185976455,1998,10
NA,NA,NA,0.219550408243658,5.80615935147405,1.55064680360411,0.343519403527908,0.524882275396464,0.0270990308610564,NA,1998,11
NA,NA,NA,NA,17.0887036017025,38.1612435669309,1.40340461831266,NA,1.44395433798015,10.7319858807579,1998,12
NA,NA,NA,1.72862393688608,NA,NA,NA,1.17243440970424,0.339023700062344,8.5042487892663,1999,1
NA,NA,NA,NA,18.6045364057425,36.5172943622263,1.14520719049091,1.15318049011065,0.477883928196308,7.70568357508496,1999,2
NA,NA,NA,1.31326454131476,15.3095801076493,29.8761777580952,1.39613828101089,1.30001167879742,0.670981025968367,11.3584808311306,1999,3
NA,NA,NA,0.772739840978787,NA,5.48660163252075,NA,NA,0.0846340875682878,3.9409291639883,1999,4
NA,NA,NA,1.81280591333031,18.3699430284038,46.2164636959939,1.62603830717717,2.17219975005367,NA,10.5818642372079,1999,5
NA,NA,NA,2.26059381506804,25.0344130558633,58.2274244717289,1.43247519228068,1.26049073287085,0.562464009301286,7.75429506016627,1999,6
NA,NA,NA,0.890105064249851,13.1430837787538,NA,NA,0.983810037567197,0.473976363456833,7.24842111058725,1999,7
NA,NA,NA,NA,13.5368111021913,10.1229125081194,0.827643872796122,NA,0.365841821830772,5.81999701214051,1999,8
NA,NA,NA,0.902839170591253,11.0242905259419,NA,0.772251546743308,NA,0.400434554119656,5.58996054079218,1999,9
NA,NA,NA,1.08714903784608,13.7893481289371,22.7372264661566,NA,NA,0.386535268982804,4.87594904298734,1999,10
NA,NA,NA,0.718050914866569,12.4218034273481,36.1805677425517,1.08093002220657,1.61248140640999,0.560457594622297,6.64484802460163,1999,11
NA,NA,NA,1.42464863644625,14.0195983413237,30.625040544974,0.869960984264969,0.939335234446273,NA,9.14301233933922,1999,12
NA,NA,NA,1.25050382611226,NA,20.1334255282335,1.01927696288144,1.33235221068779,0.571547914972624,NA,2000,1
NA,NA,NA,0.763413748000221,11.4192268094244,9.95477411687736,0.753188864107631,NA,0.445507232699287,6.04897297771513,2000,2
NA,NA,NA,NA,5.46209440986234,0.419561974509565,NA,0.589113757754002,0.168374426089282,4.54196629447744,2000,3
NA,NA,NA,0.787114683557283,12.3650812752537,14.5597119055378,1.08937243190396,1.24499090816433,0.480211794964841,7.57832492148472,2000,4
NA,NA,NA,1.82772941362517,18.5576524340641,63.4023929910404,1.25401593170644,NA,0.698630978247265,8.31785646992711,2000,5
NA,NA,NA,1.40954141705874,17.8703839147412,30.6815996557808,1.22213928532821,1.27874609500142,NA,6.62548956513582,2000,6
NA,NA,NA,1.6293425045273,NA,24.6029970328053,NA,1.80582589725837,1.32634045751639,12.0553328093116,2000,7
NA,NA,NA,0.704131986858588,6.50151526184292,4.69415864639796,0.511564289312773,0.604131081722525,0.106880506757968,3.40986836409337,2000,8
NA,NA,NA,0.60814755629063,9.847697207521,3.40232185066616,NA,0.503020535745071,NA,1.94059539811377,2000,9
NA,NA,NA,1.82241577347668,14.2781209350885,20.7745725593701,0.694809097931523,0.848182723219771,0.280406617081358,5.95624656005982,2000,10
NA,NA,NA,0.815071778444738,8.74788998426037,3.56794066536346,0.513967824581542,0.405828868215447,0.140188492263611,5.49312297414614,2000,11
NA,NA,NA,NA,12.4811920115147,17.114772012492,1.07975130980818,1.35862761025025,NA,9.46330130980157,2000,12
NA,NA,NA,1.81568880466824,16.6541775646441,21.2830658834171,0.877433767705132,0.838457192884604,0.190010958272362,NA,2001,1
NA,NA,NA,1.33103154472152,10.9874405071244,NA,0.733271520051185,1.12948285379384,0.403131225726013,8.74053489540436,2001,2
NA,NA,NA,NA,6.14958153681615,0.261066950440211,0.352477151136157,0.657684013857777,0.283364561657011,3.69114997230483,2001,3
NA,NA,NA,0.502854039089735,7.51108340518397,NA,0.407152551929076,0.296823568823542,0.0247846713800232,1.40870252374573,2001,4
NA,NA,NA,NA,13.3064959892145,30.4222930292505,1.2668116528996,1.73656980235993,NA,NA,2001,5
NA,NA,NA,2.37778877547829,20.583102678374,42.2941569970913,1.47578375417629,2.14780445988094,NA,NA,2001,6
NA,NA,NA,1.10739071013778,NA,10.21372858649,0.815077859469757,NA,0.524701552456586,6.24952318697722,2001,7
NA,NA,NA,0.334048335439758,5.50237552410269,NA,0.42677394580151,0.475751941048555,0.113435580975754,2.95746836667266,2001,8
NA,NA,NA,0.492367703329988,7.56651108847461,2.72961526438386,NA,0.505939643509951,NA,NA,2001,9
NA,NA,NA,NA,15.97326096774,15.6395599651725,1.24060426866691,NA,NA,13.8834289064268,2001,10
NA,NA,NA,1.36837927647401,12.7921375521891,NA,0.962431348225029,NA,0.60605365344124,7.27261016305641,2001,11
NA,NA,NA,1.67489526461466,15.9603395766791,20.0460297474989,1.02076852635331,1.23870409576832,0.30300381336017,NA,2001,12
NA,NA,NA,1.68374036105064,NA,35.3370514180673,1.03386499275664,NA,NA,NA,2002,1
NA,NA,NA,1.67989874393707,18.4734850824801,25.4718534342642,NA,1.16138182761267,0.841864403569276,9.95931752722576,2002,2
NA,NA,NA,1.28051939700867,NA,19.5648964075044,0.816526313054473,0.740242938100174,0.223000037020093,3.45358861760549,2002,3
NA,NA,NA,NA,9.11602039451561,5.95947912706534,NA,0.578687615452966,0.113719432356461,NA,2002,4
NA,NA,NA,1.02025054796472,11.1840505158997,2.77556421987177,0.471127647925953,0.716511043504142,NA,2.92448792471521,2002,5
NA,NA,NA,NA,20.9764831184527,46.8903005593038,1.40256960363361,1.90191654027223,1.21526018082078,11.2239910733167,2002,6
NA,NA,NA,1.36154293920469,15.6825681757246,15.806421981065,0.765001337226212,0.952279247637536,0.331167648171294,NA,2002,7
NA,NA,NA,0.349414334624599,5.73546693269468,0.680861853467057,NA,NA,0.13344524216809,3.71967387455806,2002,8
NA,NA,NA,1.37277154463389,NA,10.5665064091602,NA,0.797880398654445,0.295238706447393,3.81936852472805,2002,9
NA,NA,NA,1.24434801582417,14.9773165202634,26.7898433507763,1.12922940718198,NA,1.17916341371639,10.2957204117662,2002,10
NA,NA,NA,NA,18.7219495634373,47.3007339389258,1.20759024423984,NA,0.484914884286048,7.01290789342535,2002,11
NA,NA,NA,1.823070262324,17.9778295368096,27.604042212223,1.09281677201532,1.41894032422532,0.503951439227268,9.30444244776037,2002,12
NA,NA,NA,1.9119677620363,15.5356380303248,NA,0.722474113075238,1.00807992895686,0.340515927592829,4.7185080159514,2003,1
NA,NA,NA,0.471090040895315,8.62690761752189,NA,0.348355025387064,0.528080125417941,0.0942784511246008,2.07436390894194,2003,2
NA,NA,NA,0.831625943139359,12.5152880771059,NA,NA,1.05828720803185,0.650582717591126,9.19671183996317,2003,3
NA,NA,NA,0.760372866106862,NA,4.38040485472868,0.667113762215543,0.69421075234158,0.069731910301501,2.00089538231902,2003,4
NA,NA,NA,2.32859998859946,18.5802222802652,15.4422672955551,0.750564288753038,NA,0.446639640996143,6.44765879651925,2003,5
NA,NA,NA,0.90929454983681,NA,NA,0.522334004580544,0.530166071310141,0.0673141391278379,3.49931453881015,2003,6
NA,NA,NA,0.882038186915854,11.9943935248078,10.9083830873244,1.05268416289939,NA,0.880857760698245,NA,2003,7
NA,NA,NA,1.68259776121894,17.4086127262482,36.3553873242282,1.05746372706323,1.7747421870626,0.745480394108743,NA,2003,8
NA,NA,NA,1.95755780554471,13.9688001089207,18.6993469301784,0.823339075157957,0.95231636070585,0.303099612993044,4.54811543427125,2003,9
NA,NA,NA,0.580151201773987,8.40710265026838,6.69382149155103,0.70701723353606,NA,0.130052199047274,3.19637719612236,2003,10
NA,NA,NA,1.66853998861772,16.4499298295337,34.4113738942684,1.35206858745532,NA,0.697521776653018,NA,2003,11
NA,NA,NA,NA,12.6230555573368,NA,0.907510913635634,1.16098466435878,NA,6.50714358777155,2003,12
NA,NA,NA,1.53950007234342,14.4382830287209,28.9316004215371,1.02001468437249,1.32376174287072,NA,NA,2004,1
NA,NA,NA,0.627139126302092,10.950476296502,11.7199414025089,0.757544497958676,NA,0.246871587938512,5.49175756133099,2004,2
NA,NA,NA,1.33086256125104,14.6576804364532,15.2160981137048,0.979576230834512,NA,0.494051511083697,3.38757230037632,2004,3
NA,NA,NA,0.298699261457214,6.40623139312596,NA,0.298960622112902,0.298639845792279,0.0489663664901951,NA,2004,4
NA,NA,NA,1.14364694376239,11.2556500195142,15.8132802872357,1.06175877083952,1.41702885100731,0.907614326975254,10.0142554902896,2004,5
NA,NA,NA,2.2170375185245,21.2320250614189,70.0875601383301,1.65114228958877,1.97305022706246,NA,19.4884137062892,2004,6
NA,NA,NA,0.769344331260025,NA,12.5655654152139,1.2381056582305,NA,0.638869864806508,NA,2004,7
NA,NA,NA,0.929054173381751,NA,6.3766508681449,NA,0.606284334284889,NA,4.54852144005442,2004,8
NA,NA,NA,1.3868044848875,13.9743920654425,26.6982286456262,1.02642485414125,1.52683939188112,NA,7.59916234966636,2004,9
NA,NA,NA,NA,NA,9.66291925180061,0.757198060840732,1.01099191332403,0.412686947919527,6.88681883735821,2004,10
NA,NA,NA,NA,11.2514143529523,19.3317161098375,0.935124910504651,1.1414359235352,0.508076690273122,6.16597977109648,2004,11
NA,NA,NA,0.570929585485189,6.96772799678116,NA,NA,0.309216957385655,0.0377664237387151,NA,2004,12
NA,NA,NA,1.67323233999885,18.9189455295276,37.2860516731578,1.74291135286242,2.25682168894087,1.5455363512546,13.2733335325814,2005,1
NA,NA,NA,0.713376302236257,12.2079097853056,22.3569181971671,0.929364935451714,1.1435484529561,NA,NA,2005,2
NA,NA,NA,0.532050512858071,10.2313785867376,6.47652885773095,0.731206537246074,0.880910204323999,NA,2.62504337366594,2005,3
NA,NA,NA,1.54404084479011,15.0542950361221,NA,0.910650398425063,1.24358886370645,0.501923442162046,6.74291977131708,2005,4
NA,NA,NA,3.07173976666287,23.5144573216956,63.6048736032277,NA,2.55375177752111,2.07942183701517,13.3579493751878,2005,5
NA,NA,NA,NA,6.97072468256514,0.755016627771301,0.177399424796918,NA,0.0675274444384681,NA,2005,6
NA,NA,NA,0.910728774375647,8.59203330482827,4.39790548824808,0.394835240652107,0.577629351643007,0.0443653533283549,2.52967461650737,2005,7
NA,NA,NA,1.36248690263535,13.1022062809419,18.8180865554506,0.935799386912248,0.918955069648217,0.335957219241967,NA,2005,8
NA,NA,NA,1.16249581104088,13.9381058394139,NA,1.17297839601795,1.56523544171764,0.555836793649732,6.24377159078931,2005,9
NA,NA,NA,1.96694662384021,20.1223443202783,33.8671410840894,1.28873684361432,NA,0.803384021072107,NA,2005,10
NA,NA,NA,1.24686645410768,NA,60.1042643877224,NA,1.89606739340697,1.52345404072974,NA,2005,11
NA,NA,NA,NA,15.4596103160729,34.3610174916838,1.15350618952791,1.14624075740404,NA,NA,2005,12
NA,NA,NA,0.266360602067711,7.59381937371756,3.08081019126546,NA,NA,0.244847272383233,6.14476039946452,2006,1
NA,NA,NA,2.02017277211468,19.0702921907608,NA,NA,1.32159737068243,0.820574637144246,13.2996882008056,2006,2
NA,NA,NA,1.02128295627011,13.7475823280726,NA,0.952167681413446,0.993317246521999,0.61549088573844,7.84891639696212,2006,3
NA,NA,NA,NA,16.0538197310652,20.0423957425906,1.21750708551527,NA,0.772622796005595,11.0454699478704,2006,4
NA,NA,NA,NA,12.0267562845196,NA,0.815511962485859,0.812741462006972,NA,6.14343682988875,2006,5
NA,NA,NA,1.51944339636643,15.9428311003361,16.5761297391514,NA,1.46063066824239,0.515801684941245,7.0277281549341,2006,6
NA,NA,NA,1.61986635652137,17.8995590653918,NA,1.22778352991847,1.8037818445024,1.01711498504221,8.44802324993696,2006,7
NA,NA,NA,1.01528728267772,NA,10.7856605064291,0.839285069059051,0.915559152372124,NA,5.00357579581844,2006,8
NA,NA,NA,NA,NA,3.96267667498668,NA,0.630029993821912,0.299602248245803,NA,2006,9
NA,NA,NA,0.976847882842033,13.9255411374034,21.9248937673359,1.16194725037072,1.44166551447783,1.0194464929845,12.0407409801873,2006,10
NA,NA,NA,NA,18.0292804723281,42.746266754218,1.59040313478529,NA,NA,9.70864781995482,2006,11
NA,NA,NA,NA,NA,15.6002036058119,NA,1.04516190222447,0.246664676436571,7.10951332462614,2006,12
NA,NA,NA,1.00920117187086,14.2132323044575,19.4469601476346,0.651122062972665,0.856741099742886,0.321135620737409,6.44904526826881,2007,1
NA,NA,NA,0.828220971183953,NA,17.91678283557,0.706631124663904,0.61696119446316,0.253896462561852,5.55006744555404,2007,2
NA,NA,NA,0.99871446496662,NA,10.6718101654072,NA,1.04140923436578,0.614120059893021,5.31957035127011,2007,3
NA,NA,NA,1.66473574576399,NA,NA,1.29357256563073,1.47861625362893,0.633672463037662,NA,2007,4
NA,NA,NA,1.07523986369011,NA,31.5258004926422,1.43510589493464,1.57768491195331,1.05724111671249,10.3558184177338,2007,5
NA,NA,NA,0.739887835712497,10.227297064062,11.3993367372985,NA,0.416304844553229,0.0586355590223014,1.73234472704802,2007,6
NA,NA,NA,2.69160177825579,17.6308066013408,29.9281197620472,NA,0.967198807927105,0.349031865443525,4.96531645380845,2007,7
NA,NA,NA,NA,13.3679564318828,13.7258526190953,0.672110036143863,0.846683793254963,0.212139951786084,5.73979361595644,2007,8
NA,NA,NA,0.418880636334759,7.65956521095572,NA,0.404426413965342,0.304429791396946,0.0662627061280452,3.06278843169924,2007,9
NA,NA,NA,0.86256195170325,8.41374222858071,4.61391112651399,0.470499636935402,0.5565117395638,0.185335925004239,2.80398280437532,2007,10
NA,NA,NA,NA,17.8045676063437,29.1259692191097,1.32754385276075,1.51662825717418,1.26941012675865,12.8381093828758,2007,11
NA,NA,NA,0.671029938693907,12.9592153570773,NA,NA,0.682982251894961,0.160286072438364,4.63271073647307,2007,12
NA,NA,NA,0.288883742172802,8.09326404572442,NA,0.727660104435083,NA,0.524797911416782,6.22440633092423,2008,1
NA,NA,NA,1.22703793091816,14.8132491109311,19.2609236954182,0.953549547622395,1.11270725693683,0.348939662543213,5.02831143407802,2008,2
NA,NA,NA,1.53683384599843,13.2809544855567,8.38075371954371,0.803358530489569,0.770482504226447,0.315007879254634,6.26514590715869,2008,3
NA,NA,NA,0.851711527314893,12.702330173315,7.72964978759636,0.564766371603774,0.777373246069789,0.221251488954777,NA,2008,4
NA,NA,NA,1.56155918040595,18.533017543243,36.5189206936559,NA,1.45659463513581,0.875691964914842,NA,2008,5
NA,NA,NA,1.31167079871214,13.4873225726802,NA,NA,1.09647616193984,0.603609698093456,8.05990293244944,2008,6
NA,NA,NA,NA,14.0990658479731,NA,NA,0.656510159993465,NA,4.44554784742537,2008,7
NA,NA,NA,2.50231925176057,NA,53.7160130947854,1.54404831558913,NA,2.09035999063565,17.044947706755,2008,8
NA,NA,NA,1.32360097466032,15.4125681105143,30.1852825243156,1.29512666756938,1.77741214935562,1.44385671856563,11.5958017567859,2008,9
NA,NA,NA,NA,11.4509797943818,16.5308402391593,0.768541611114506,NA,0.323807351474407,6.01344841265548,2008,10
NA,NA,NA,NA,16.2297709091984,43.1768019336897,NA,2.52534480590233,1.93200844665128,NA,2008,11
NA,NA,NA,1.22199777527363,16.2095863649121,16.3130490975947,0.791813541601077,NA,NA,4.5818925493443,2008,12
NA,NA,NA,1.87930355080969,19.5038461787648,74.0415370727798,1.67321131778581,2.23289530444845,1.40561345877562,11.1311978656041,2009,1
NA,NA,NA,1.75556570864971,19.136994160101,40.155253736911,1.41847602916617,1.85193782281685,1.23245818371499,10.3255787889556,2009,2
NA,NA,NA,0.918124354049711,11.2702331406041,7.3672688501315,NA,0.53954653765979,0.214918289823387,3.00584445595698,2009,3
NA,NA,NA,NA,NA,20.3083099692404,0.939050532284354,0.825512206322055,0.437136879277724,6.43634774078288,2009,4
NA,NA,NA,1.3595144101767,14.2040140943419,NA,0.843637953440435,0.854840848256452,0.159175323496307,6.69066616556463,2009,5
NA,NA,NA,NA,25.847886148428,65.2296839985928,1.58801294340965,1.5708939165856,NA,9.92449250255888,2009,6
NA,NA,NA,NA,15.4206348128398,NA,NA,1.30457374995413,1.20036771977343,9.68658026912019,2009,7
NA,NA,NA,1.65897649973205,13.1964012444121,20.0169063803353,1.01361470335384,1.15191970284909,0.232867953050948,2.77123620239483,2009,8
NA,NA,NA,0.626169620338564,NA,6.65726250861301,0.628658732720105,0.856621873668873,0.138484651083544,3.76622445090152,2009,9
NA,NA,NA,0.693893078428275,NA,NA,0.712646274175674,0.525072614187399,0.191889384764566,4.01747044103654,2009,10
NA,NA,NA,1.02471290136657,12.4669097879975,25.1576601457627,1.13380689154943,1.24270672983109,0.437367956292246,6.49875177709442,2009,11
NA,NA,NA,0.910049844038299,11.0194222512494,9.52469179076899,0.97278402369844,NA,0.721040069159838,7.04694806430384,2009,12
NA,NA,NA,3.23732260982386,24.8793364430949,81.9658129730559,NA,2.39590858974657,1.91361743638365,14.1671216839994,2010,1
NA,NA,NA,NA,8.39746950339353,4.94118809675861,NA,0.558394364089131,0.0861126312276843,3.66630876539568,2010,2
NA,NA,NA,0.607874595443548,10.5961396272528,18.1185664639024,0.860418546570882,NA,NA,NA,2010,3
NA,NA,NA,0.781905655467963,12.2384035375474,14.4144273768201,0.768279626888058,0.687206102853821,NA,5.08949645933578,2010,4
NA,NA,NA,2.01341288866096,15.6281590460553,12.3978009093357,0.757852231723747,0.714091585112684,0.17059291211981,5.18204058737528,2010,5
NA,NA,NA,NA,16.2472762191485,23.9915998590392,0.997115667769369,NA,0.212094508797758,NA,2010,6
NA,NA,NA,NA,12.1383635917001,18.3902653150393,1.0225771283961,1.00533370725736,0.499333081469835,6.35367428055586,2010,7
NA,NA,NA,NA,8.84109216689544,2.33051936507831,0.541558038301583,0.642503639933648,0.164980628146535,4.05868789577951,2010,8
NA,NA,NA,0.576884294853149,10.4216288963701,NA,0.506401828758569,0.391947839271622,NA,2.67404929226571,2010,9
NA,NA,NA,NA,12.3110924808358,5.23955925457526,NA,0.916078968815991,NA,5.73815282612215,2010,10
NA,NA,NA,NA,23.9514253080419,71.4157248074367,1.25036451880076,1.32459366780377,NA,10.4053864765283,2010,11
NA,NA,NA,0.825794417470141,15.7336869959808,36.2190570912143,1.14201016935032,1.06512004000744,0.224252571331453,4.98373758025919,2010,12
NA,NA,NA,1.13144845884589,12.2567402118968,NA,0.912554250085394,1.56283482025731,0.788419745811031,NA,2011,1
NA,NA,NA,0.977646626578508,12.8252197889901,18.7467354340544,0.808376181749893,1.09849731303623,NA,6.57602075343684,2011,2
NA,NA,NA,NA,NA,NA,0.709565114210125,0.969496669498745,NA,3.62629539117974,2011,3
NA,NA,NA,0.547891522691805,8.67853363788528,7.21147567546765,0.782196992529414,0.880834849964772,NA,4.87512550768326,2011,4
NA,NA,NA,NA,12.2436870855173,21.2424460752902,0.983724304080277,0.919871005758339,0.172451977411482,NA,2011,5
NA,NA,NA,1.98463991037967,NA,NA,1.15815374039587,1.13516824807096,0.60060869022099,8.5188910027898,2011,6
NA,NA,NA,NA,NA,5.99295239570809,0.723448846722766,NA,0.08360658063308,2.65146111465987,2011,7
NA,NA,NA,1.12035483239328,12.9819899620485,9.37545054655007,0.876646683312502,0.880408531218404,0.681196496596856,9.37792714939097,2011,8
NA,NA,NA,NA,12.1274308682685,10.6212858258476,NA,1.04385129224152,0.530623483272118,NA,2011,9
NA,NA,NA,1.03582065912498,13.4284620734912,28.2358172748451,1.36912936838759,1.75103214214111,0.848921385727593,8.38570845460943,2011,10
NA,NA,NA,0.604886175048883,11.4019234392358,NA,NA,0.559755338236741,NA,3.41423891221104,2011,11
NA,NA,NA,0.66167687243273,10.9788823533546,NA,0.825589887916178,0.747940217238454,0.422336327733628,4.02362479589737,2011,12
NA,NA,NA,0.320283895924204,6.45700458151576,NA,0.31462037039742,0.290904448111994,0.0345897653353841,1.33210507624467,2012,1
NA,NA,NA,0.432571048212118,6.87356295195675,NA,NA,NA,0.277604890810025,NA,2012,2
NA,NA,NA,2.40746853258645,21.7107877711152,74.5609175727707,NA,2.58129272221804,1.90964023608891,14.1390198854692,2012,3
NA,NA,NA,1.40267489052988,17.0821365403667,28.8707299815221,1.18184970804678,NA,0.591797140500728,6.15687623671669,2012,4
NA,NA,NA,0.570236960083581,9.07770706012421,NA,0.617557193665661,0.700212523386827,0.223834852976158,NA,2012,5
NA,NA,NA,NA,26.8788152466262,81.5078244708812,1.89783320914554,2.1970011479598,0.896574489060973,9.43890875840674,2012,6
NA,NA,NA,1.45758256949963,13.2555417499672,13.364633817158,0.870023196506167,1.1975536186535,0.530738891199833,NA,2012,7
NA,NA,NA,0.834569506430092,NA,NA,0.729245000050546,0.808147872895938,0.231651094044077,5.13112813060488,2012,8
NA,NA,NA,1.72642774321218,17.6276473128152,32.9680723472253,1.31735598402112,1.28974426852592,0.884421288824701,8.56330036854643,2012,9
NA,NA,NA,1.29202499102477,NA,20.421209774787,NA,0.994567686931103,NA,NA,2012,10
NA,NA,NA,0.217085639993524,6.01459760721169,1.28081234651282,0.531170568448339,0.482537462077752,0.0605905653718174,3.49150462541748,2012,11
NA,NA,NA,1.88209716152619,15.5838867087323,27.6196933651202,NA,NA,0.651261108610467,9.81170887107127,2012,12
NA,NA,NA,NA,16.1256072808215,NA,1.23512499061182,1.84505377390352,1.67820209292147,13.3217908522199,2013,1
NA,NA,NA,1.82739243089216,17.193174823862,27.3177734070747,NA,1.32214342978115,0.419103305991938,5.37936664654255,2013,2
NA,NA,NA,2.1671991444457,14.958537812411,NA,NA,1.12339124336242,0.411954919712942,6.56458689716867,2013,3
NA,NA,NA,1.6809590464481,NA,44.1333253324966,NA,1.9277027094534,0.875618073453052,8.07678682438019,2013,4
NA,NA,NA,1.14957025393933,11.4927547660744,8.91905959464884,NA,NA,0.695327024884952,7.65792099777928,2013,5
NA,NA,NA,0.989351973549841,10.8673372478253,NA,0.580924355411843,0.660484061378332,0.165023386390657,3.6567008509642,2013,6
NA,NA,NA,0.48274083221212,NA,NA,0.65347067817475,0.559120918926333,0.175526186663254,3.7733394528252,2013,7
NA,NA,NA,0.989395874045192,13.1039338678173,22.1126848613768,1.23390056372615,1.1375850705917,0.322209971267664,NA,2013,8
NA,NA,NA,0.817743137277375,10.3380212070532,6.73297974625973,0.816294012184446,1.01991145199017,0.388065049619917,8.36187714202561,2013,9
NA,NA,NA,0.638283762215261,NA,12.1751279523338,1.15363811156847,1.45638941259727,0.976645634738187,11.2411991494695,2013,10
NA,NA,NA,1.0569055593775,14.8881154210364,26.746582671575,1.01665868182939,NA,0.359226222940467,4.64996518717078,2013,11
NA,NA,NA,3.78096222383799,29.6292981445664,NA,1.60275045457174,1.57101930773171,1.08469786425764,NA,2013,12
NA,NA,NA,0.787013027304916,11.9212773979494,16.3756705440243,1.1589234882359,1.67890159772479,0.816497082267736,7.8385606049704,2014,1
NA,NA,NA,0.769727032526207,9.40740018388723,NA,NA,0.908693355745115,0.338299787853816,5.61858154267627,2014,2
NA,NA,NA,1.23188345764942,13.9815204605202,28.3448121508796,1.25050081184135,1.46802381282079,0.395433695162374,6.817581200767,2014,3
NA,NA,NA,1.49051864809805,18.271056608802,NA,NA,NA,1.26695324750336,12.0792760653187,2014,4
NA,NA,NA,1.64386493348616,17.460111475152,23.2020792428451,NA,1.39651256132299,0.769078552870255,NA,2014,5
NA,NA,NA,0.998835381442858,10.2484539194225,15.2076601525262,0.800564624913598,1.04922343511888,0.5262550562905,6.40569970853781,2014,6
NA,NA,NA,1.31323909879926,13.3761609250634,NA,0.771140422789652,NA,NA,NA,2014,7
NA,NA,NA,NA,12.5215449432231,8.79849303177904,0.443305354314878,0.46318028453809,0.0568748963853103,3.4820724471833,2014,8
NA,NA,NA,1.50463011467731,15.2427169478263,NA,1.38398089525176,1.57131477220588,NA,6.12487471771846,2014,9
NA,NA,NA,2.11655222162682,17.5807345738906,24.1430701067479,1.15315473788462,1.19096490677247,0.35331142031043,4.9113320736385,2014,10
NA,NA,NA,NA,8.10157163111416,2.94636212580096,0.363316132438594,0.383021192704715,0.084484176029003,3.92927264423421,2014,11
NA,NA,NA,1.07068678590175,NA,14.8371552975723,NA,0.554212980858036,0.15661495740611,4.48995472518075,2014,12
NA,NA,NA,NA,NA,NA,NA,1.88334691460941,0.777202351933997,9.07196195475679,2015,1
NA,NA,NA,0.786230992591646,12.8736079500375,16.3993429612492,0.733363488748716,NA,NA,4.78845367491669,2015,2
NA,NA,NA,0.819705816710972,10.7271181867,10.206293698738,0.881782413384791,1.04959552875394,0.563402593150284,6.07790171880087,2015,3
NA,NA,NA,1.75733698939943,18.7658461962734,29.3046757881981,1.25873573930661,1.1623896719148,0.683427363552808,NA,2015,4
NA,NA,NA,1.69458409216804,17.4483374705795,NA,1.41643333925435,1.72924777707589,1.58610754487752,13.9194090251609,2015,5
NA,NA,NA,1.07295232204647,NA,30.0182539349717,1.14045362354728,1.67543421897005,NA,9.2727590982035,2015,6
NA,NA,NA,1.45445600773517,NA,21.7700028423537,1.1559352464403,0.94550732982779,0.276393274700893,NA,2015,7
NA,NA,NA,0.722380558027325,NA,14.3638331230377,NA,NA,NA,5.22217900622861,2015,8
NA,NA,NA,1.15629774718945,15.5746960494169,15.9336047830358,0.815273600449963,0.873755234574028,NA,5.69428907887151,2015,9
NA,NA,NA,NA,6.49826309263816,1.9270393168143,NA,NA,0.232407825247364,NA,2015,10
NA,NA,NA,0.63673163734827,9.30948059561747,7.71487626537201,0.568922554828911,0.702881446872559,0.211178035274376,4.71729659471378,2015,11
NA,NA,NA,NA,11.2730225647986,9.08401126031911,0.641967626488815,NA,0.196089581991807,4.71853088488523,2015,12
